address,chain,source,name,entity_type
0x58D97B57BB95320F9a05dC918Aef65434969c2B2,ethereum,defillama,Morpho Blue,defi
0x56072c95faa701256059aa122697b133aded9279,ethereum,defillama,Sky Lending,defi
0xec53bf9167f50cdeb3ae105f56099aaab9061f83,ethereum,defillama,EigenCloud,defi
0x0d01dc56dcaaca66ad901c959b4011ec,ethereum,defillama,Hyperliquid Bridge,defi
0xe66747a101bff2dba3697199dcce5b743b454759,ethereum,defillama,Gate,defi
0x57e114b691db790c35207b2e685d4a43181e6061,ethereum,defillama,Ethena USDe,defi
0xc20059e0317de91738d13af027dfc4a50781b066,ethereum,defillama,SparkLend,defi
0xfe0c30065b384f05761f15d0cc899d4f9f9cc0eb,ethereum,defillama,ether.fi Stake,defi
0x7712c34205737192402172409a8f7ccef8aa2aec,ethereum,defillama,BlackRock BUIDL,defi
0xfaba6f8e4a5e8ab82f62fe7c39859fa577269be3,ethereum,defillama,Ondo Yield Assets,defi
0x455e53cbb86018ac2b8092fdcd39d8444affc3f6,ethereum,defillama,Polygon Bridge,defi
0xc20059e0317de91738d13af027dfc4a50781b066,ethereum,defillama,Spark Liquidity Layer,defi
0xc20059e0317de91738d13af027dfc4a50781b066,ethereum,defillama,Spark Savings,defi
0x643c4e15d7d62ad0abec4a9bd4b001aa3ef52d66,ethereum,defillama,Maple,defi
0xfa1c09fc8b491b6a4d3ff53a10cad29381b3f949,ethereum,defillama,Falcon Finance,defi
0xcccccccccc33d538dbc2ee4feab0a7a1ff4e8a94,ethereum,defillama,Centrifuge Protocol,defi
0xfaba6f8e4a5e8ab82f62fe7c39859fa577269be3,ethereum,defillama,Ondo Global Markets,defi
0x57e114b691db790c35207b2e685d4a43181e6061,ethereum,defillama,Ethena USDtb,defi
0x64d0f55cd8c7133a9d7102b13987235f486f2224,ethereum,defillama,SwissBorg,defi
0x0b010000b7624eb9b3dfbc279673c76e9d29d5f7,ethereum,defillama,Obol,defi
0xf0db65d17e30a966c2ae6a21f6bba71cea6e9754,ethereum,defillama,Lombard LBTC,defi
0x4e3fbd56cd56c3e72c1403e103b45db9da5b9d2b,ethereum,defillama,Convex Finance,defi
0x9f0c013016e8656bc256f948cd4b79ab25c7b94d,ethereum,defillama,mETH Protocol,defi
0x5983B89FA184f14917013B9C3062afD9434C5b03,ethereum,defillama,M0,defi
0xcdf7028ceab81fa0c6971208e83fa7872994bee5,ethereum,defillama,tBTC,defi
0xbbb32f99e6f2cb29337eebaa43c5069386de6e6c,ethereum,defillama,Phemex,defi
0x6f40d4a6237c257fff2db00fa0510deeecd303eb,ethereum,defillama,Fluid DEX,defi
0x0Ae055097C6d159879521C384F1D2123D1f195e6,ethereum,defillama,xDAI Stake Bridge,defi
0xf0db65d17e30a966c2ae6a21f6bba71cea6e9754,ethereum,defillama,Lombard BTC.b,defi
0x1b66474c8eca3827f16202907f41f63785579716,ethereum,defillama,WEEX,defi
0xfe0c30065b384f05761f15d0cc899d4f9f9cc0eb,ethereum,defillama,ether.fi Liquid,defi
0x3c3a81e81dc49a522a592e7622a7e711c06bf354,ethereum,defillama,Mantle Bridge,defi
0x081f67afa0ccf8c7b17540767bbe95df2ba8d97f,ethereum,defillama,CoinEx,defi
0xbf3f63d8ac133b16d7d50c015036b33219dd8d23,ethereum,defillama,KPK,defi
0x3b50805453023a91a8bf641e279401a0b23fa6f9,ethereum,defillama,Renzo,defi
0xfe0c30065b384f05761f15d0cc899d4f9f9cc0eb,ethereum,defillama,EtherFi Borrowing Market,defi
0xb0076de78dc50581770bba1d211ddc0ad4f2a241,ethereum,defillama,edgeX Bridge,defi
0x01791f726b4103694969820be083196cc7c045ff,ethereum,defillama,Yield Basis,defi
0xfe0c30065b384f05761f15d0cc899d4f9f9cc0eb,ethereum,defillama,EtherFi Cash Liquid,defi
0xb45fcfcc2cc07ce0702cc2d229621e046c906ef14d9b25e8e4d25f6e8763fef7::send::SEND,ethereum,defillama,Suilend,defi
0xb1d1eae60eea9525032a6dcb4c1ce336a1de71be,ethereum,defillama,Derive V2,defi
0x56072c95faa701256059aa122697b133aded9279,ethereum,defillama,Sky Money,defi
0x6f40d4a6237c257fff2db00fa0510deeecd303eb,ethereum,defillama,Fluid Lite,defi
0xB1F1ee126e9c96231Cc3d3fAD7C08b4cf873b1f1,ethereum,defillama,Beefy,defi
0xC4441c2BE5d8fA8126822B9929CA0b81Ea0DE38E,ethereum,defillama,Usual USD0,defi
0x56072c95faa701256059aa122697b133aded9279,ethereum,defillama,Sky RWA,defi
0x624e2e7fdc8903165f64891672267ab0fcb98831,ethereum,defillama,SoSoValue Indexes,defi
0x5DD1A7A369e8273371d2DBf9d83356057088082c,ethereum,defillama,Flying Tulip Yield,defi
0xdA7AD9dea9397cffdDAE2F8a052B82f1484252B3,ethereum,defillama,River Omni-CDP,defi
0xe76c6c83af64e4c60245d8c7de953df673a7a33d,ethereum,defillama,Railgun,defi
0x365accfca291e7d3914637abf1f7635db165bb09,ethereum,defillama,fx Protocol,defi
0x77146784315ba81904d654466968e3a7c196d1f3,ethereum,defillama,Treehouse Protocol,defi
0xaf5191b0de278c7286d6c7cc6ab6bb8a73ba2cd6,ethereum,defillama,Stargate V2,defi
0xB58E61C3098d85632Df34EecfB899A1Ed80921cB,ethereum,defillama,Frankencoin,defi
0xa95c5ebb86e0de73b4fb8c47a45b792cfea28c23,ethereum,defillama,stake.link liquid,defi
0x624e2e7fdc8903165f64891672267ab0fcb98831,ethereum,defillama,SoDEX Bridge,defi
0xf0db65d17e30a966c2ae6a21f6bba71cea6e9754,ethereum,defillama,Lombard Vaults,defi
0x045414e728067ab3da4bceafc0d992d59183463a,ethereum,defillama,Bwatch,defi
0xfab99fcf605fd8f4593edb70a43ba56542777777,ethereum,defillama,ZEROBASE CeDeFi,defi
0xe66747a101bff2dba3697199dcce5b743b454759,ethereum,defillama,Gate US,defi
0x1b40183efb4dd766f11bda7a7c3ad8982e998421,ethereum,defillama,Vesper,defi
0x2e9d63788249371f1dfc918a52f8d799f4a38c94,ethereum,defillama,AUTOfinance,defi
0x1925450f5e5fb974b0aae1f3408cf5286fbd1a72,ethereum,defillama,YO Protocol,defi
0x419905009e4656fdc02418c7df35b1e61ed5f726,ethereum,defillama,Resupply,defi
0x6033f7f88332b8db6ad452b7c6d5bb643990ae3f,ethereum,defillama,Lisk Bridge,defi
0xeb964a1a6fab73b8c72a0d15c7337fa4804f484d,ethereum,defillama,Hemi Staking,defi
0xdBdb4d16EdA451D0503b854CF79D55697F90c8DF,ethereum,defillama,Alchemix V3,defi
0xa12cc123ba206d4031d1c7f6223d1c2ec249f4f3,ethereum,defillama,Zama,defi
0x1d926bbe67425c9f507b9a0e8030eedc7880bf33,ethereum,defillama,Superform,defi
0x259338656198ec7a76c729514d3cb45dfbf768a1,ethereum,defillama,Resolv,defi
0x1410434b0346f5be678d0fb554e5c7ab620f8f4a,ethereum,defillama,BitKan,defi
0xfe67a4450907459c3e1fff623aa927dd4e28c67a,ethereum,defillama,Connext,defi
0xf57e7e7c23978c3caec3c3548e3d615c346e79ff,ethereum,defillama,Immutable zkEVM,defi
0x66761fa41377003622aee3c7675fc7b5c1c2fac5,ethereum,defillama,Clearpool TPOOL,defi
